{"cameraMode":{"drawMode":0,"name":"Shaded","section":"Shading Mode"},"sceneLighting":false,"audioPlay":false,"sceneViewState":{"showFog":true,"showMaterialUpdate":true,"showSkybox":false,"showFlares":true,"showImageEffects":true,"showParticleSystems":true},"in2DMode":false,"pivot":{"x":0.46720001101493838,"y":-0.3529999852180481,"z":7.0},"rotation":{"x":0.1310221552848816,"y":-0.006558704189956188,"z":0.0010511900763958693,"w":0.9914239645004273},"size":2.502197504043579,"orthographic":false}